261,John Doe,30,Rua Exemplo, 123,Cidade Exemplo,12345-678,john.doe@example.com,(12) 3456-7890
262,Jane Smith,28,Av. Amostra, 456,Cidade Amostra,56789-012,jane.smith@example.com,(34) 5678-9012
263,Maria Silva,35,Travessa Amostra, 789,Cidade Exemplo,98765-432,maria.silva@example.com,(78) 9012-3456
264,Carlos Oliveira,28,Alameda Teste, 567,Cidade Teste,54321-098,carlos.oliveira@example.com,(56) 7890-1234
265,Gabriela Santos,32,Rua Demonstração, 987,Cidade Exemplo,76543-210,gabriela.santos@example.com,(98) 7654-3210
266,Felipe Oliveira,25,Avenida Exemplo, 654,Cidade Exemplo,54321-567,felipe.oliveira@example.com,(45) 6789-0123
267,Isabela Lima,29,Praça Teste, 123,Cidade Teste,87654-321,isabela.lima@example.com,(23) 4567-8901
268,Lucas Oliveira,27,Rua Amostra, 876,Cidade Amostra,98765-432,lucas.oliveira@example.com,(67) 8901-2345
269,Amanda Silva,31,Alameda Teste, 456,Cidade Teste,54321-890,amanda.silva@example.com,(78) 9012-3456
270,Rodrigo Santos,29,Travessa Exemplo, 321,Cidade Exemplo,76543-210,rodrigo.santos@example.com,(98) 7654-3210
